--1. Insurance Database 
 
--Consider the Insurance database given below.  
--PERSON (driver – id #: String, name: string, address: string) 
--CAR (regno: string, model: string, year: int) 
--ACCIDENT (report-number: int, accd-date: date, location: string) 
--OWNS (driver-id #: string, regno: string) 
--PARTICIPATED (driver-id: string, Regno: string, report-number: int, damage amount: int) 
 
--1. Find the total number of people who owned cars that were involved in accidents in 1989. 
--2. Find the number of accidents in which the cars belonging to “John Smith” were involved. 
--3. Update the damage amount for the car with reg number “KA-12” in the accident with report number “1” to $3000. 

create Database insurancedatabase 

use insurancedatabase

CREATE TABLE PERSON ( 
	driverid varchar(10), 
	fname char(15) not null, 
	address varchar(30), 
	primary key (driverid)   
) 
insert into  PERSON values ('111','John Smith' , 'SP Road, Bangalore 12') 
insert into  PERSON values ('112','Ramesh Babu' , 'KP Nagar, Udupi 13') 
insert into  PERSON values ('113','Raju SK' , 'KS Circle, Mangalore 12') 
insert into  PERSON values ('114','Ramesh Babu' , 'AS Road, Bangalore 14') 
insert into  PERSON values ('115','Alica wallace' , 'SS Road, Karkala 16')

select * from PERSON

CREATE TABLE CAR ( 
	regno varchar(10), 
	model varchar(10)not null, 
	cyear int, 
	primary key(regno)  
) 

insert into  CAR values ('KA-12','FORD' ,1980) 
insert into  CAR values ('KA-13','SWIFT' ,1990) 
insert into  CAR values ('MH-11','INDIGO' ,1998) 
insert into  CAR values ('AP-10','SWIFT' ,1988) 
insert into  CAR values ('TN-11','FORD' ,2001) 
insert into  CAR values ('TN-12','TOYATA' ,2001) 
insert into  CAR values ('MH-14','SWIFT' ,2001) 
insert into  CAR values ('KL-15','TOYATA' ,2001) 
insert into  CAR values ('KL-4','INDIGO' ,2001) 
insert into  CAR values ('AP-05','SANTRO' ,2001)

select * from CAR

CREATE TABLE ACCIDENT ( 
   reportno int , 
   accdate datetime, 
   location varchar(20), 
   primary key(reportno) 
)


insert into  ACCIDENT values (1,'1998-07-22' ,'Nitte') 
insert into  ACCIDENT values (2,'1998-07-22','Karkala') 
insert into  ACCIDENT values (12,'1998-07-22' ,'Mangalore') 
insert into  ACCIDENT values (3,'1998-07-23','Mangalore') 
insert into  ACCIDENT values (4,'1990-09-09','Bhatkal') 
insert into  ACCIDENT values (5,'2001-02-22' ,'Udupi') 
insert into  ACCIDENT values (6,'1990-09-09','Udupi') 
insert into  ACCIDENT values (15,'1981-07-22' ,'Udupi')

select * from ACCIDENT

 
CREATE TABLE OWNS ( 
   driverid varchar(10) , 
   regno varchar(10) 
   primary key(driverid,regno)  
   foreign key(driverid) references PERSON(driverid)on delete cascade on update cascade, 
   foreign key(regno) references CAR(regno)on delete cascade on update cascade, 
   unique(regno) 
)

insert into  OWNS values ('111','KA-13') 
insert into  OWNS values ('111','KA-12') 
insert into  OWNS values ('111','MH-11') 
insert into  OWNS values ('112','AP-10') 
insert into  OWNS values ('112','TN-11') 
insert into  OWNS values ('113','TN-12') 
insert into  OWNS values ('113','KL-15') 
insert into  OWNS values ('114','AP-05') 
insert into  OWNS values ('114','KL-4') 
insert into  OWNS values ('115','MH-14')

select * from OWNS
 
CREATE TABLE PARTCIPATED ( 
      driverid varchar(10) , 
      regno varchar(10), 
      reportno  int, 
      dmgamt int, 
      primary key(driverid,regno,reportno) , 
      foreign key(driverid) references PERSON(driverid)on delete cascade on update cascade, 
      foreign key(regno) references CAR(regno)on delete cascade on update cascade, 
      foreign key(reportno) references ACCIDENT(reportno)  on delete cascade on update cascade, 
      foreign key(driverid,regno) references OWNS(driverid,regno), 
      unique(reportno)  
)

insert into  PARTCIPATED values ('111','KA-12',1,20000) 
insert into  PARTCIPATED values ('111','KA-13',2,10000) 
insert into  PARTCIPATED values ('111','KA-12',3,60000) 
insert into  PARTCIPATED values ('111','KA-12',4,60000) 
insert into  PARTCIPATED values ('111','KA-12',5,60000) 
insert into  PARTCIPATED values ('111','KA-12',15,40000) 
insert into  PARTCIPATED values ('111','KA-13',6,10000) 
insert into  PARTCIPATED values ('111','MH-11',12,20000)

insert into  PARTCIPATED values ('112','AP-10',7,30000) 
insert into  PARTCIPATED values ('112','TN-11',8,40000) 
insert into  PARTCIPATED values ('112','AP-10',13,20000) 
insert into  PARTCIPATED values ('112','TN-11',14,10000)

insert into  PARTCIPATED values ('113','TN-12',9,40000) 
insert into  PARTCIPATED values ('113','KL-15',10,50000) 
insert into  PARTCIPATED values ('113','TN-12',11,20000)

select * from PARTCIPATED

--1. Find the total number of people who owned cars that were involved in accidents in 1989. 

 
select count (distinct P.driverid) 
from accident A, partcipated P 
where A.reportno = P.reportno  
and A.accdate between  '1998-01-01' and  '1998-12-31' 
 
select count (distinct P.driverid) 
from accident A, partcipated P 
where A.reportno = P.reportno  
and year(A.accdate) = '1998'   
 
select count (distinct P.driverid) 
from  partcipated P where P.reportno  in ( 
select reportno  from accident  where reportno = P.reportno 
and year(accdate)  ='1998') 
  
select count (distinct P.driverid) 
from  partcipated P where P.reportno  in ( 
select reportno  from accident  where  year(accdate)  ='1998')

--2. Find the number of accidents in which the cars belonging to “John Smith” were involved. 

select  count (P.reportno) as NO_OF_ACC 
from   partcipated P,  person PN 
where P.driverid =  PN.driverid  
and   PN.fname = 'John Smith'

 
--2. Find the number of accidents in which the cars belonging to specific model were involved.

select  count (P.reportno) as NO_OF_ACC 
from   partcipated P,  car C 
where P.regno =  C.regno  
and   C.model  = 'SWIFT' 

--3. Update the damage amount for the car with reg number “KA-12” in the accident with report number “1” to 29000. 


update PARTICIPATED set dmgamt= 29000
where REPORTNO=1 and regno='ka-12' 
